<mvc:View displayBlock="true"
    xmlns="sap.m"
    xmlns:mvc="sap.ui.core.mvc"
    xmlns:l="sap.ui.layout"
    xmlns:f="sap.ui.layout.form"
    xmlns:core="sap.ui.core">
    <f:Form id="FormChange480_Trial" editable="true">
        <forms:layout>
            <forms:ColumnLayout id="_IDGenColumnLayout1"/>
        </forms:layout>
        <f:formContainers>
            <f:FormContainer title="Major Task Achived">
                <f:formElements>
                    <f:FormElement>
                        <f:fields>
                            <TextArea rows="2" value="{SupplierName}" id="input-ach-1">

                            </TextArea>
                        </f:fields>
                    </f:FormElement>

                    <f:FormElement>
                        <f:fields>
                            <TextArea rows="2" value="{SupplierName}" id="input-ach-2" />
                        </f:fields>
                    </f:FormElement>

                    <f:FormElement>
                        <f:fields>
                            <TextArea rows="2" value="{SupplierName}" id="input-ach-3" />
                        </f:fields>
                    </f:FormElement>

                </f:formElements>
            </f:FormContainer>
        </f:formContainers>
    </f:Form>
</mvc:View>