<mvc:View xmlns:mvc="sap.ui.core.mvc" xmlns:forms="sap.ui.layout.form" xmlns="sap.m">
	<forms:SimpleForm editable="false" layout="ColumnLayout">

			<Label text="Evangelize the UI framework across the company" design="Bold"/>
			<Text text="4 days overdue Cascaded"/>

			<Label text="Get trained in development management direction" design="Bold"/>
			<Text text="Due Nov 21"/>

			<Label text="Mentor junior developers" design="Bold"/>
			<Text text="Due Dec 31 Cascaded"/>

	</forms:SimpleForm>
</mvc:View>
